{"fpr": [0.0, 0.0, 0.0, 0.05263157894736842, 0.05263157894736842, 0.15789473684210525, 0.15789473684210525, 0.3684210526315789, 0.3684210526315789, 0.42105263157894735, 0.42105263157894735, 0.5789473684210527, 0.5789473684210527, 1.0, 1.0], "tpr": [0.0, 0.03333333333333333, 0.5666666666666667, 0.5666666666666667, 0.6, 0.6, 0.8666666666666667, 0.8666666666666667, 0.9, 0.9, 0.9333333333333333, 0.9333333333333333, 0.9666666666666667, 0.9666666666666667, 1.0], "auc": 0.8771929824561404, "probs": [0.5641843193843195, 0.7975962823725979, 0.5094444058311118, 0.6970765484515485, 0.7988383770150246, 0.7814080086580087, 0.659385536032595, 0.7583199929585379, 0.536745870455122, 0.5676551226551226, 0.8851167250623773, 0.4266403070117893, 0.9611285714285713, 0.8997309200603318, 0.842996756794603, 0.748436507936508, 0.6949590187590187, 0.08088703403810556, 0.5521047478508497, 0.78858757060072, 0.7028962732919255, 0.5441830840760715, 0.6151088429114746, 0.41689180902729284, 0.8541451612903227, 0.406996648795731, 0.8349588744588743, 0.8113859649122808, 0.5316171514702556, 0.5531091376103571, 0.426529022449417, 0.4935011000650386, 0.4137918420454399, 0.4078770583090949, 0.3936087710702367, 0.3894682491837665, 0.35701531023666727, 0.569205513784461, 0.44968921981993587, 0.2394370152120793, 0.40437985659461206, 0.4279338361122469, 0.6191587837114154, 0.12192966581423406, 0.31791750380927447, 0.43256333441573935, 0.4125339782035007, 0.2796681030806927, 0.6145063767806702], "y": [1, 1, 1, 1, 1, 1, 1, 1, 1, 1, 1, 1, 1, 1, 1, 1, 1, 1, 1, 1, 1, 1, 1, 1, 1, 1, 1, 1, 1, 1, 0, 0, 0, 0, 0, 0, 0, 0, 0, 0, 0, 0, 0, 0, 0, 0, 0, 0, 0]}